timestamp,action,details
2025-11-08T13:07:12.036575,model_loaded,{'status': 'success'}
2025-11-08T13:07:13.070244,dashboard_initialized,{'timestamp': '2025-11-08T13:07:13.070244'}
2025-11-08T13:07:31.524290,model_loaded,{'status': 'success'}
2025-11-08T13:07:31.535667,dashboard_initialized,{'timestamp': '2025-11-08T13:07:31.535667'}
2025-11-08T13:07:35.140735,model_loaded,{'status': 'success'}
2025-11-08T13:07:35.150214,dashboard_initialized,{'timestamp': '2025-11-08T13:07:35.150214'}
2025-11-08T13:07:36.769605,model_loaded,{'status': 'success'}
2025-11-08T13:07:36.777333,dashboard_initialized,{'timestamp': '2025-11-08T13:07:36.777333'}
2025-11-08T13:08:05.873022,model_loaded,{'status': 'success'}
2025-11-08T13:08:05.882946,dashboard_initialized,{'timestamp': '2025-11-08T13:08:05.882946'}
2025-11-08T13:08:07.187932,model_loaded,{'status': 'success'}
2025-11-08T13:08:07.201089,dashboard_initialized,{'timestamp': '2025-11-08T13:08:07.201089'}
2025-11-08T13:08:38.946838,model_loaded,{'status': 'success'}
2025-11-08T13:08:38.956364,dashboard_initialized,{'timestamp': '2025-11-08T13:08:38.956364'}
